order_id|date|time
137|2022-01-03|11:34:10
138|2022-01-03|11:44:50
139|2022-01-03|11:57:39
140|2022-01-03|12:26:44
141|2022-01-03|13:16:01
142|2022-01-03|13:33:59
143|2022-01-03|13:41:36
144|2022-01-03|13:44:28
145|2022-01-03|13:53:48
146|2022-01-03|14:22:10
147|2022-01-03|14:32:51
148|2022-01-03|14:40:42
149|2022-01-03|14:48:45
150|2022-01-03|14:49:58
151|2022-01-03|15:09:34
152|2022-01-03|15:09:42
153|2022-01-03|15:16:34
154|2022-01-03|15:22:43
155|2022-01-03|15:28:59
156|2022-01-03|15:42:19
157|2022-01-03|15:43:03
158|2022-01-03|15:54:30
159|2022-01-03|15:59:22
160|2022-01-03|16:35:33
161|2022-01-03|16:43:46
162|2022-01-03|16:51:22
163|2022-01-03|16:54:54
164|2022-01-03|16:56:33
165|2022-01-03|16:57:37
166|2022-01-03|16:58:51
167|2022-01-03|17:00:49
168|2022-01-03|17:02:27
169|2022-01-03|17:15:48
170|2022-01-03|17:21:31
171|2022-01-03|17:23:03
172|2022-01-03|17:29:24
173|2022-01-03|17:35:30
174|2022-01-03|17:37:49
175|2022-01-03|17:50:51
176|2022-01-03|17:51:57
177|2022-01-03|17:54:36
178|2022-01-03|18:15:03
179|2022-01-03|18:20:14
180|2022-01-03|18:33:34
181|2022-01-03|18:49:32
182|2022-01-03|18:50:10
183|2022-01-03|18:54:55
184|2022-01-03|18:59:05
185|2022-01-03|19:08:33
186|2022-01-03|19:36:00
187|2022-01-03|19:37:12
188|2022-01-03|20:08:39
189|2022-01-03|20:12:14
190|2022-01-03|20:14:23
191|2022-01-03|20:24:50
192|2022-01-03|20:30:08
193|2022-01-03|20:55:47
194|2022-01-03|21:21:24
195|2022-01-03|21:25:20
196|2022-01-03|21:40:14
197|2022-01-03|21:47:48
198|2022-01-03|21:55:42
199|2022-01-03|22:10:38
200|2022-01-03|22:24:05
201|2022-01-03|22:29:59
202|2022-01-03|22:50:29
